Workbook

Sheet Data Produk
A1: No | B1: Produk | C1: Berat Produk | D1: Satuan | E1: Kemasan | F1: Ukuran Kemasan
A2: 1 | B2: Smoothies | D2: gram | E2: Cup
A3: 2 | B3: Tumis Kol Daging | D3: gram | E3: Bowl

Sheet Daftar Bahan
A1: Smoothies
A2: No | B2: Keterangan | C2: Harga | D2: Isi | E2: Satuan | F2: Harga Satuan
A3: 1 | B3: Buah Naga | C3: 25000 | D3: 1000 | E3: gram | F3: =C3/D3 -> 25
A4: 2 | B4: Alpukat | C4: 20000 | D4: 1000 | E4: gram | F4: =C4/D4 -> 20
A5: 3 | B5: Pisang | C5: 28000 | D5: 1000 | E5: gram | F5: =C5/D5 -> 28
A6: 4 | B6: Mangga | C6: 30000 | D6: 1000 | E6: gram | F6: =C6/D6 -> 30
A7: 5 | B7: Strawbery | C7: 30000 | D7: 1000 | E7: gram | F7: =C7/D7 -> 30
A8: 6 | B8: Susu Fullcream | C8: 30000 | D8: 1000 | E8: ml | F8: =C8/D8 -> 30
A9: 7 | B9: Es Batu | C9: 3000 | D9: 1000 | E9: gram | F9: =C9/D9 -> 3
A10: 8 | B10: Cup 16 oz + Tutup + Sedotan/Sendok | C10: 1200 | D10: 1 | E10: pcs | F10: =C10/D10 -> 1200
A12: Tumis Kol Daging
A13: No | B13: Keterangan | C13: Harga | D13: Isi | E13: Satuan | F13: Harga Satuan
A14: 1 | B14: Nasi Putih | C14: 20000 | D14: 1000 | E14: gram | F14: =C14/D14 -> 20
A15: 2 | B15: Daging Sapi | C15: 60000 | D15: 1000 | E15: gram | F15: =C15/D15 -> 60
A16: 3 | B16: Kol | C16: 7000 | D16: 1000 | E16: gram | F16: =C16/D16 -> 7
A17: 4 | B17: Bawang Merah | C17: 30000 | D17: 1000 | E17: gram | F17: =C17/D17 -> 30
A18: 5 | B18: Bawang Putih | C18: 30000 | D18: 1000 | E18: gram | F18: =C18/D18 -> 30
A19: 6 | B19: Cabai Merah | C19: 45000 | D19: 1000 | E19: gram | F19: =C19/D19 -> 45 | L19: n
A20: 7 | B20: Kecap Manis | C20: 30000 | D20: 1000 | E20: gram | F20: =C20/D20 -> 30
A21: 8 | B21: Saus Tiram | C21: 35000 | D21: 1000 | E21: gram | F21: =C21/D21 -> 35
A22: 9 | B22: Garam | C22: 6000 | D22: 1000 | E22: gram | F22: =C22/D22 -> 6
A23: 10 | B23: Merica Bubuk | C23: 20000 | D23: 1000 | E23: gram | F23: =C23/D23 -> 20
A24: 11 | B24: Minyak Goreng | C24: 25000 | D24: 1000 | E24: ml | F24: =C24/D24 -> 25
A25: 12 | B25: Rice Bowl + Sendok | C25: 1200 | D25: 1 | E25: pcs | F25: =C25/D25 -> 1200

Sheet Komposisi HPP
B2: Nama Produk | D2: ='Data Produk'!B2 -> Smoothies
B3: Keterangan | D3: Satuan | E3: Sekali Produksi | F3: Per Satu Pack | G3: Harga Bahan Per Satuan | H3: Total Bahan Pokok
D4: Cup | E4: 10
B6: Bahan Baku
B7: 1 | C7: ='Daftar Bahan'!B3 -> Buah Naga | D7: gram | E7: 500 | F7: =E7/E4 -> 50 | G7: ='Daftar Bahan'!F3 -> 25 | H7: =F7*G7 -> 1250
B8: 2 | C8: ='Daftar Bahan'!B4 -> Alpukat | D8: gram | E8: 400 | F8: =E8/E4 -> 40 | G8: ='Daftar Bahan'!F4 -> 20 | H8: =F8*G8 -> 800
B9: 3 | C9: ='Daftar Bahan'!B5 -> Pisang | D9: gram | E9: 400 | F9: =E9/E4 -> 40 | G9: ='Daftar Bahan'!F5 -> 28 | H9: =F9*G9 -> 1120
B10: 4 | C10: ='Daftar Bahan'!B6 -> Mangga | D10: gram | E10: 400 | F10: =E10/E4 -> 40 | G10: ='Daftar Bahan'!F6 -> 30 | H10: =F10*G10 -> 1200
B11: 5 | C11: ='Daftar Bahan'!B7 -> Strawbery | D11: gram | E11: 300 | F11: =E11/E4 -> 30 | G11: ='Daftar Bahan'!F7 -> 30 | H11: =F11*G11 -> 900
B12: 6 | C12: ='Daftar Bahan'!B8 -> Susu Fullcream | D12: ml | E12: 100 | F12: =E12/E4 -> 10 | G12: ='Daftar Bahan'!F8 -> 30 | H12: =F12*G12 -> 300
B13: 7 | C13: ='Daftar Bahan'!B9 -> Es Batu | D13: gram | E13: 800 | F13: =E13/E4 -> 80 | G13: ='Daftar Bahan'!F9 -> 3 | H13: =F13*G13 -> 240
B14: Bahan Penolong
B19: Kemasan
B20: 1 | C20: ='Daftar Bahan'!B10 -> Cup 16 oz + Tutup + Sedotan/Sendok | D20: ='Daftar Bahan'!E10 -> pcs | E20: 10 | F20: 1 | G20: ='Daftar Bahan'!F10 -> 1200 | H20: =F20*G20 -> 1200
B21: Total | H21: =SUM(H7:H20) -> 7010
B24: Nama Produk | D24: ='Data Produk'!B3 -> Tumis Kol Daging
B25: Keterangan | D25: Satuan | E25: Sekali Produksi | F25: Per Satu Pack | G25: Harga Bahan Per Satuan | H25: Total Bahan Pokok
D26: Cup | E26: 10
B28: Bahan Baku
B29: 1 | C29: ='Daftar Bahan'!B14 -> Nasi Putih | D29: gram | E29: 1000 | F29: =E29/E26 -> 100 | G29: ='Daftar Bahan'!F14 -> 20 | H29: =F29*G29 -> 2000
B30: 2 | C30: Daging ayam | D30: gram | E30: 1500 | F30: =E30/E26 -> 150 | G30: ='Daftar Bahan'!F15 -> 60 | H30: =F30*G30 -> 9000
B31: 3 | C31: ='Daftar Bahan'!B16 -> Kol | D31: gram | E31: 750 | F31: =E31/E26 -> 75 | G31: ='Daftar Bahan'!F16 -> 7 | H31: =F31*G31 -> 525
B32: 4 | C32: ='Daftar Bahan'!B17 -> Bawang Merah | D32: gram | E32: 10 | F32: =E32/E26 -> 1 | G32: ='Daftar Bahan'!F17 -> 30 | H32: =F32*G32 -> 30
B33: 5 | C33: ='Daftar Bahan'!B18 -> Bawang Putih | D33: gram | E33: 5 | F33: =E33/E26 -> 0.5 | G33: ='Daftar Bahan'!F18 -> 30 | H33: =F33*G33 -> 15
B34: 6 | C34: ='Daftar Bahan'!B19 -> Cabai Merah | D34: ='Daftar Bahan'!E19 -> gram | E34: 100 | F34: =E34/E26 -> 10 | G34: ='Daftar Bahan'!F30 -> 0 | H34: =F34*G34 -> 0
B35: 7 | C35: ='Daftar Bahan'!B20 -> Kecap Manis | D35: ml | E35: 15 | F35: =E35/E26 -> 1.5 | G35: ='Daftar Bahan'!F20 -> 30 | H35: =F35*G35 -> 45
B36: 8 | C36: ='Daftar Bahan'!B21 -> Saus Tiram | D36: ml | E36: 5 | F36: =E36/E26 -> 0.5 | G36: ='Daftar Bahan'!F21 -> 35 | H36: =F36*G36 -> 17.5
B37: 9 | C37: ='Daftar Bahan'!B22 -> Garam | D37: gram | E37: 1 | F37: =E37/E29 -> 0.001 | G37: ='Daftar Bahan'!F22 -> 6 | H37: =F37*G37 -> 0.006
B38: 10 | C38: ='Daftar Bahan'!B23 -> Merica Bubuk | D38: gram | E38: 0.5 | F38: =E38/E29 -> 0.0005 | G38: ='Daftar Bahan'!F23 -> 20 | H38: =F38*G38 -> 0.01
B39: Bahan Penolong
B40: 1 | C40: Minyak Goreng | D40: ml | E40: 15 | F40: =E40/E26 -> 1.5 | G40: ='Daftar Bahan'!F24 -> 25 | H40: =F40*G40 -> 37.5
B44: Kemasan
B45: 1 | C45: ='Daftar Bahan'!B25 -> Rice Bowl + Sendok | D45: ='Daftar Bahan'!E25 -> pcs | E45: 10 | F45: 1 | G45: ='Daftar Bahan'!F25 -> 1200 | H45: =F45*G45 -> 1200
B46: Total | H46: =SUM(H29:H45) -> 12870.016
